{
  "ridge": {
    "baseline": {
      "rmse": 0.14269675321905267,
      "mae": 0.10038534451220467,
      "r2": 0.25180650801571114
    },
    "tuned": {
      "rmse": 0.14258888836931044,
      "mae": 0.10023342202076128,
      "r2": 0.25293720334930825
    }
  },
  "lgbm": {
    "baseline": {
      "rmse": 0.13321189491219965,
      "mae": 0.08311477091711836,
      "r2": 0.347963729023973
    },
    "tuned": {
      "rmse": 0.12723085545922694,
      "mae": 0.07666599396526533,
      "r2": 0.40520044175169734
    }
  }
}